question,answer
How can I deal with stress?,"Try deep breathing exercises, progressive muscle relaxation, and schedule short “reset” breaks during your day."
I’m feeling anxious. What can I do?,"Ground yourself: focus on your breath, name five things you can see, and talk through your feelings with someone you trust."
What are some ways to sleep better at night?,"Avoid screens for 30 mins before bed, keep a consistent bedtime, and create a calm pre-sleep ritual (reading, light stretching)."
How can I stay motivated?,"Break large goals into bite-sized tasks, celebrate small wins, and remind yourself of your “why.”"
What should I do when I feel overwhelmed?,"Pause for a moment of mindfulness, list out tasks in order of priority, and tackle one item at a time."
How can I manage negative thoughts?,"Notice them without judgment, write them down, then actively replace them with balanced or positive alternatives."
I feel lonely. What can I do?,"Reach out to a friend or family member, join an online support group, or engage in a community activity you care about."
How do I build self-confidence?,"Track and reflect on past successes, practice daily affirmations, and push yourself to try one small challenge each week."
What’s a quick way to calm down?,"Use the 4-7-8 breathing technique: inhale 4 s, hold 7 s, exhale 8 s; repeat until you feel steadier."
How do I start a healthy daily routine?,"Set fixed wake/sleep times, plan your meals ahead, and schedule “power hours” for focused work or self-care."
How can I set better boundaries?,"Be clear and polite, practice saying “no” to low-priority requests, and respect your own time and energy limits."
I’m feeling unproductive. What can help?,"Start with a 5-minute “micro-task” to build momentum, remove distractions, and take brief breaks to sustain focus."
What can I do to improve my mood?,"Move your body (walk or dance), get some sunlight, listen to uplifting music, or connect with a supportive friend."
How can I handle failure better?,"Treat setbacks as feedback, journal lessons learned, and plan one constructive next step."
What are some mental self-care ideas?,"Schedule daily breaks, write in a journal, spend time in nature, practice gratitude, or try a brief guided meditation."
How can I wake up earlier?,"Shift your bedtime earlier by 10–15 minutes per night, keep your alarm out of reach, and stick to a consistent wake-time."
Tips to get up early,"I recommend placing your alarm across the room, using a gradual light/sound alarm, and doing a quick stretch as soon as it rings."
I want to wake up on time,"Create a nightly “wind-down” routine (no screens, dim lights), and set a firm bedtime to support your morning goals."
